gini,top1_share,top5_share,hhi,effective_authors,n_authors,total_likes,topic_id,topic_label,high_level_category,month_str,is_stable
0.3076370256803373,0.32081257186661555,0.32081257186661555,0.17890734390684956,5.589485474227726,8,2609.0,0,Vaccine Mandates & Work,vaccine,2020-01,False
0.40384615384615385,0.5988063660477454,0.5988063660477454,0.41890025962329996,2.387203103906547,4,1508.0,0,Vaccine Mandates & Work,vaccine,2020-02,False
0.0,1.0,1.0,1.0,1.0,1,179.0,0,Vaccine Mandates & Work,vaccine,2020-03,False
0.4622848200312989,0.6259780907668232,0.6259780907668232,0.42880356386274526,2.332070169827431,5,2556.0,0,Vaccine Mandates & Work,vaccine,2020-04,False
0.20597701149425288,0.4827586206896552,0.4827586206896552,0.3812166468489893,2.6231803051248397,3,725.0,0,Vaccine Mandates & Work,vaccine,2020-05,False
0.4569377990430622,0.9569377990430622,0.9569377990430622,0.9175843043886358,1.0898181183104214,2,8151.0,0,Vaccine Mandates & Work,vaccine,2020-06,False
0.3125925925925926,0.8125925925925926,0.8125925925925926,0.6954282578875173,1.4379628504565973,2,1350.0,0,Vaccine Mandates & Work,vaccine,2020-07,False
0.4708945672801094,0.40160642570281124,0.40160642570281124,0.254598203178437,3.927757492063456,7,3237.0,0,Vaccine Mandates & Work,vaccine,2020-08,False
0.3261731658955717,0.8261731658955717,0.8261731658955717,0.7127778683006802,1.4029616300855137,2,3026.0,0,Vaccine Mandates & Work,vaccine,2020-09,False
0.37618116650374717,0.46480938416422285,0.46480938416422285,0.2833600406677694,3.529079109543424,6,2046.0,0,Vaccine Mandates & Work,vaccine,2020-10,False
0.5408527870414483,0.7146260123868509,0.7146260123868509,0.5506560555050034,1.816015623550904,4,2099.0,0,Vaccine Mandates & Work,vaccine,2020-11,False
0.3416370106761566,0.47076766649720386,0.47076766649720386,0.2994976336806933,3.338924544112228,5,1967.0,0,Vaccine Mandates & Work,vaccine,2020-12,False
0.5522712056967803,0.27895559027002903,0.3700066949341665,0.11911945305430784,8.394934449070123,22,8962.0,0,Vaccine Mandates & Work,vaccine,2021-01,True
0.33265851627886595,0.14460365452872354,0.14460365452872354,0.09038182038783821,11.064171928700832,15,7607.0,0,Vaccine Mandates & Work,vaccine,2021-02,True
0.3902038969486157,0.2699160091626368,0.2699160091626368,0.11308141890664151,8.843185818402105,18,7858.0,0,Vaccine Mandates & Work,vaccine,2021-03,True
0.6434346408189148,0.4914394419784401,0.4914394419784401,0.2762711058498253,3.6196329577208024,14,12616.0,0,Vaccine Mandates & Work,vaccine,2021-04,True
0.3753055380962358,0.1376492771841609,0.1376492771841609,0.08180112164552257,12.224771248656046,18,6364.0,0,Vaccine Mandates & Work,vaccine,2021-05,True
0.5053385416666667,0.5078125,0.5078125,0.33534942626953124,2.9819642488258427,6,2560.0,0,Vaccine Mandates & Work,vaccine,2021-06,False
0.5534806425801686,0.2979011509817197,0.2979011509817197,0.20445980777702247,4.8909368098916,11,7385.0,0,Vaccine Mandates & Work,vaccine,2021-07,True
0.539274086794748,0.4293227433723302,0.4293227433723302,0.22802948521509722,4.3853977877322015,12,9317.0,0,Vaccine Mandates & Work,vaccine,2021-08,True
0.7048051075268817,0.7938508064516129,0.7938508064516129,0.6358580336238293,1.5726780934116427,9,7936.0,0,Vaccine Mandates & Work,vaccine,2021-09,False
0.46978295937820796,0.20530869628977855,0.20530869628977855,0.09722046142261725,10.285900574499445,20,6819.0,0,Vaccine Mandates & Work,vaccine,2021-10,True
0.7107078196396241,0.6035003017501509,0.6035003017501509,0.39363417457139566,2.540429832061302,14,9942.0,0,Vaccine Mandates & Work,vaccine,2021-11,True
0.8480535850759896,0.7693846461600012,0.8540169572376014,0.6005479028315241,1.6651461028922065,24,64987.0,0,Vaccine Mandates & Work,vaccine,2021-12,True
0.5749362970994849,0.3567362428842505,0.3567362428842505,0.20865028571017072,4.792708510301622,14,13175.0,0,Vaccine Mandates & Work,vaccine,2022-01,True
0.4511517669303081,0.24766317807781418,0.24766317807781418,0.12335628115547947,8.106599766408248,15,12517.0,0,Vaccine Mandates & Work,vaccine,2022-02,True
0.37554355975408604,0.2399160293897136,0.2399160293897136,0.09472975506705807,10.556345250677698,20,13338.0,0,Vaccine Mandates & Work,vaccine,2022-03,True
0.6562256993146752,0.5915740666719962,0.5915740666719962,0.37851809132471387,2.641881650888238,11,12509.0,0,Vaccine Mandates & Work,vaccine,2022-04,True
0.5964411090414099,0.5444906147012466,0.5444906147012466,0.3141982289364973,3.1827041272155303,16,13958.0,0,Vaccine Mandates & Work,vaccine,2022-05,True
0.33607369618673616,0.22204279370205895,0.22204279370205895,0.12652038642470764,7.903864572806222,11,4954.0,0,Vaccine Mandates & Work,vaccine,2022-06,True
0.5258562469850458,0.5788712011577424,0.5788712011577424,0.384088916627049,2.603563801792806,6,3455.0,0,Vaccine Mandates & Work,vaccine,2022-07,False
0.5824555837563452,0.49968274111675126,0.49968274111675126,0.2735564469179185,3.655552670268645,15,12608.0,0,Vaccine Mandates & Work,vaccine,2022-08,True
0.6158083172679703,0.7573671164968329,0.7573671164968329,0.5930543096371473,1.6861862122068334,5,7262.0,0,Vaccine Mandates & Work,vaccine,2022-09,False
0.759495927531226,0.5740082526453405,0.5740082526453405,0.4257733666807801,2.348667338673021,11,48954.0,0,Vaccine Mandates & Work,vaccine,2022-10,True
0.48002988724358103,0.298306389530408,0.298306389530408,0.1351392800229465,7.399773032905022,17,10392.0,0,Vaccine Mandates & Work,vaccine,2022-11,True
0.7121662834889504,0.5630366443015999,0.5630366443015999,0.3512085836851253,2.847310818851017,15,21313.0,0,Vaccine Mandates & Work,vaccine,2022-12,True
0.4862517099863201,0.4331965344277246,0.4331965344277246,0.23402684597948661,4.273014045951181,10,8772.0,0,Vaccine Mandates & Work,vaccine,2023-01,True
0.6420658073270014,0.4396200814111262,0.4396200814111262,0.24066474780409045,4.155157783282972,16,18425.0,0,Vaccine Mandates & Work,vaccine,2023-02,True
0.5889115394119101,0.34840622683469236,0.34840622683469236,0.2083396041655104,4.799855524375356,12,26980.0,0,Vaccine Mandates & Work,vaccine,2023-03,True
0.6598735973171675,0.5288275506255643,0.5288275506255643,0.31631775030594833,3.1613780732595047,13,15506.0,0,Vaccine Mandates & Work,vaccine,2023-04,True
0.6219980554205153,0.41808458920758385,0.41808458920758385,0.21295644855691548,4.695795815418741,20,20570.0,0,Vaccine Mandates & Work,vaccine,2023-05,True
0.3510757604513535,0.322641867527045,0.322641867527045,0.15629625304562533,6.398106035901477,11,5269.0,0,Vaccine Mandates & Work,vaccine,2023-06,True
0.6406960753200043,0.6267851475721993,0.6267851475721993,0.4098655517418467,2.4398244637789146,12,12604.0,0,Vaccine Mandates & Work,vaccine,2023-07,True
0.6986803519061584,0.635386119257087,0.635386119257087,0.4704732119224598,2.1255195293984417,8,20460.0,0,Vaccine Mandates & Work,vaccine,2023-08,False
0.6046728971962617,0.5064817606270726,0.5064817606270726,0.3070675262661021,3.256612681125416,10,16585.0,0,Vaccine Mandates & Work,vaccine,2023-09,True
0.3510166236174581,0.3245248029670839,0.3245248029670839,0.20866704107702946,4.7923236695096945,7,4314.0,0,Vaccine Mandates & Work,vaccine,2023-10,False
0.2815715823466093,0.2798708288482239,0.2798708288482239,0.1404138621455991,7.121803963792918,10,4645.0,0,Vaccine Mandates & Work,vaccine,2023-11,True
0.3031533232628399,0.16408610271903323,0.16408610271903323,0.1081194922235102,9.249026049185916,12,5296.0,0,Vaccine Mandates & Work,vaccine,2023-12,True
0.0,1.0,1.0,1.0,1.0,1,805.0,1,Federal Vaccine Mandates,vaccine,2020-01,False
0.0,1.0,1.0,1.0,1.0,1,1000.0,1,Federal Vaccine Mandates,vaccine,2020-02,False
0.0,1.0,1.0,1.0,1.0,1,255.0,1,Federal Vaccine Mandates,vaccine,2020-03,False
0.2139917695473251,0.47462277091906724,0.47462277091906724,0.3870627219202132,2.5835606049557365,3,729.0,1,Federal Vaccine Mandates,vaccine,2020-04,False
0.0,1.0,1.0,1.0,1.0,1,1200.0,1,Federal Vaccine Mandates,vaccine,2020-07,False
0.12656641604010024,0.6265664160401002,0.6265664160401002,0.5320381153384715,1.8795645860143328,2,399.0,1,Federal Vaccine Mandates,vaccine,2020-08,False
0.21425602660016624,0.39068994181213634,0.39068994181213634,0.2890729673461124,3.45933419226531,4,1203.0,1,Federal Vaccine Mandates,vaccine,2020-09,False
0.6053086024944035,0.7195394947233771,0.7195394947233771,0.5489012775347922,1.821821228930579,5,6254.0,1,Federal Vaccine Mandates,vaccine,2020-10,False
0.4566340160284951,0.6233303650934996,0.6233303650934996,0.4254945370378447,2.350206437341538,5,2246.0,1,Federal Vaccine Mandates,vaccine,2020-11,False
0.7575675037678633,0.8171269815329302,0.8171269815329302,0.6732067034141059,1.485427870709831,9,42833.0,1,Federal Vaccine Mandates,vaccine,2020-12,False
0.4650764525993884,0.27522935779816515,0.27522935779816515,0.13462657750584456,7.4279538151119295,15,7630.0,1,Federal Vaccine Mandates,vaccine,2021-01,True
0.4921200669901662,0.4408754526846166,0.4408754526846166,0.2356975238576349,4.242725946514466,11,6351.0,1,Federal Vaccine Mandates,vaccine,2021-02,True
0.35566989507667474,0.18159806295399517,0.18159806295399517,0.09961414991880117,10.038734465084865,15,6608.0,1,Federal Vaccine Mandates,vaccine,2021-03,True
0.503789413326519,0.15706121024388114,0.32284804327908906,0.05853983252228964,17.08238573486249,42,22921.0,1,Federal Vaccine Mandates,vaccine,2021-04,True
0.5134659763026742,0.15707720053522603,0.29670137878876024,0.07868266292268702,12.70928007333194,30,17189.0,1,Federal Vaccine Mandates,vaccine,2021-05,True
0.43756077795786064,0.3727714748784441,0.3727714748784441,0.21732154068018775,4.6014766730906285,8,6170.0,1,Federal Vaccine Mandates,vaccine,2021-06,False
0.39111600587371514,0.21404971680302076,0.30058212712397736,0.07373025235244983,13.562953714300871,30,12712.0,1,Federal Vaccine Mandates,vaccine,2021-07,True
0.4426960952556961,0.1601675599088277,0.27105279369186225,0.06280616617592491,15.922003537024104,35,16233.0,1,Federal Vaccine Mandates,vaccine,2021-08,True
0.7031233481188665,0.358530026889752,0.6214520466089035,0.20809042769282923,4.805603078850608,26,33470.0,1,Federal Vaccine Mandates,vaccine,2021-09,True
0.4067561587254757,0.22864729311107834,0.3392830801003098,0.08696330817464912,11.499102563942161,25,13558.0,1,Federal Vaccine Mandates,vaccine,2021-10,True
0.7182745384232876,0.3527336860670194,0.5472559394128022,0.18189058619224874,5.497810639540481,29,38556.0,1,Federal Vaccine Mandates,vaccine,2021-11,True
0.8018120259285983,0.5219730581598442,0.5219730581598442,0.4041392796504742,2.4743944732738297,17,49811.0,1,Federal Vaccine Mandates,vaccine,2021-12,True
0.740219451617616,0.6849561988535996,0.6849561988535996,0.4775312290028765,2.0941038810971175,19,27739.0,1,Federal Vaccine Mandates,vaccine,2022-01,True
0.6661684736717668,0.39517681629344414,0.39517681629344414,0.272368785985456,3.671492665291676,12,19738.0,1,Federal Vaccine Mandates,vaccine,2022-02,True
0.4147547350182231,0.25094102885821834,0.25094102885821834,0.14901709516080536,6.710639466706106,12,5579.0,1,Federal Vaccine Mandates,vaccine,2022-03,True
0.6398497901480009,0.6626905235255136,0.6626905235255136,0.49343861724725646,2.0265945247226393,6,15090.0,1,Federal Vaccine Mandates,vaccine,2022-04,False
0.23816425120772947,0.7381642512077294,0.7381642512077294,0.613444421106677,1.630139529504502,2,1035.0,1,Federal Vaccine Mandates,vaccine,2022-05,False
0.3202036271078587,0.31714922048997773,0.31714922048997773,0.1986504035198238,5.033969135130438,7,2245.0,1,Federal Vaccine Mandates,vaccine,2022-06,False
0.3246549132157988,0.45100451004510045,0.45100451004510045,0.26551976466874144,3.7661979749326204,6,2439.0,1,Federal Vaccine Mandates,vaccine,2022-07,False
0.06666666666666667,0.5666666666666667,0.5666666666666667,0.5088888888888888,1.9650655021834063,2,390.0,1,Federal Vaccine Mandates,vaccine,2022-08,False
0.0,1.0,1.0,1.0,1.0,1,266.0,1,Federal Vaccine Mandates,vaccine,2022-09,False
0.38724584103512016,0.8872458410351202,0.8872458410351202,0.7999186827979952,1.2501270710444599,2,2705.0,1,Federal Vaccine Mandates,vaccine,2022-10,False
0.17123287671232876,0.6712328767123288,0.6712328767123288,0.5586413961343591,1.7900571044675848,2,584.0,1,Federal Vaccine Mandates,vaccine,2022-11,False
0.045023696682464455,0.5450236966824644,0.5450236966824644,0.5040542665259091,1.9839133728443474,2,422.0,1,Federal Vaccine Mandates,vaccine,2022-12,False
0.31933043618219864,0.5794302269435055,0.5794302269435055,0.44831303780961756,2.2305842473059285,3,2071.0,1,Federal Vaccine Mandates,vaccine,2023-01,False
0.2636363636363636,0.7636363636363637,0.7636363636363637,0.6390082644628099,1.5649249870667357,2,880.0,1,Federal Vaccine Mandates,vaccine,2023-03,False
0.27170767004341534,0.4341534008683068,0.4341534008683068,0.31225849824390917,3.202474890591727,4,2764.0,1,Federal Vaccine Mandates,vaccine,2023-04,False
0.2604347826086956,0.3467391304347826,0.3467391304347826,0.24534446544843522,4.075902010555739,5,2760.0,1,Federal Vaccine Mandates,vaccine,2023-05,False
0.0,1.0,1.0,1.0,1.0,1,264.0,1,Federal Vaccine Mandates,vaccine,2023-06,False
0.12436548223350254,0.6243654822335025,0.6243654822335025,0.5309335463423432,1.8834748847367144,2,788.0,1,Federal Vaccine Mandates,vaccine,2023-07,False
0.0,1.0,1.0,1.0,1.0,1,202.0,1,Federal Vaccine Mandates,vaccine,2023-08,False
0.0,1.0,1.0,1.0,1.0,1,676.0,1,Federal Vaccine Mandates,vaccine,2023-09,False
0.0,1.0,1.0,1.0,1.0,1,1700.0,1,Federal Vaccine Mandates,vaccine,2023-11,False
0.8981481481481481,0.9337068160597572,0.9337068160597572,0.8738562963311687,1.1443529150026588,12,1071.0,2,Remote Work Opportunities,remote_work,2020-01,True
0.7878787878787878,0.9696969696969697,0.9696969696969697,0.9412304866850323,1.0624390243902437,5,33.0,2,Remote Work Opportunities,remote_work,2020-02,False
0.42452830188679247,0.9245283018867925,0.9245283018867925,0.8604485582057673,1.1621845262722381,2,53.0,2,Remote Work Opportunities,remote_work,2020-03,False
0.5,1.0,1.0,1.0,1.0,2,3.0,2,Remote Work Opportunities,remote_work,2020-04,False
0.34400948991696323,0.5183867141162515,0.5183867141162515,0.49840216478176996,2.0064118309715995,3,843.0,2,Remote Work Opportunities,remote_work,2020-05,False
0.0,1.0,1.0,1.0,1.0,1,1.0,2,Remote Work Opportunities,remote_work,2020-07,False
0.7074829931972789,0.46938775510204084,0.46938775510204084,0.3552686380674719,2.8147713950762014,9,49.0,2,Remote Work Opportunities,remote_work,2020-08,False
0.9010989010989011,0.8928571428571429,0.8928571428571429,0.8035714285714286,1.2444444444444445,13,28.0,2,Remote Work Opportunities,remote_work,2020-09,True
0.0,1.0,1.0,1.0,1.0,1,14.0,2,Remote Work Opportunities,remote_work,2020-11,False
0.75,1.0,1.0,1.0,1.0,4,1.0,2,Remote Work Opportunities,remote_work,2021-01,False
0.0,1.0,1.0,1.0,1.0,1,46.0,2,Remote Work Opportunities,remote_work,2021-02,False
,,,,,1,0.0,2,Remote Work Opportunities,remote_work,2021-03,False
0.7857142857142857,0.75,0.75,0.625,1.6,7,4.0,2,Remote Work Opportunities,remote_work,2021-04,False
0.8,1.0,1.0,1.0,1.0,5,1.0,2,Remote Work Opportunities,remote_work,2021-05,False
0.0,1.0,1.0,1.0,1.0,1,7.0,2,Remote Work Opportunities,remote_work,2021-06,False
0.4444444444444444,0.6666666666666666,0.6666666666666666,0.5555555555555556,1.7999999999999998,3,3.0,2,Remote Work Opportunities,remote_work,2021-07,False
0.6428571428571429,0.9642857142857143,0.9642857142857143,0.931122448979592,1.0739726027397258,3,56.0,2,Remote Work Opportunities,remote_work,2021-08,False
,,,,,2,0.0,2,Remote Work Opportunities,remote_work,2021-09,False
0.6,0.625,0.625,0.46875,2.1333333333333333,5,8.0,2,Remote Work Opportunities,remote_work,2021-10,False
0.6,0.625,0.625,0.46875,2.1333333333333333,5,8.0,2,Remote Work Opportunities,remote_work,2021-11,False
0.0,1.0,1.0,1.0,1.0,1,2.0,2,Remote Work Opportunities,remote_work,2021-12,False
0.6608863198458574,0.9942196531791907,0.9942196531791907,0.9884894249724346,1.0116446111984316,3,346.0,2,Remote Work Opportunities,remote_work,2022-01,False
0.5,1.0,1.0,1.0,1.0,2,1.0,2,Remote Work Opportunities,remote_work,2022-02,False
,,,,,2,0.0,2,Remote Work Opportunities,remote_work,2022-03,False
0.8035019455252919,0.9610894941634242,0.9610894941634242,0.9240866629320655,1.082149586302941,6,257.0,2,Remote Work Opportunities,remote_work,2022-04,False
0.25,0.75,0.75,0.625,1.6,2,4.0,2,Remote Work Opportunities,remote_work,2022-05,False
0.0,1.0,1.0,1.0,1.0,1,1.0,2,Remote Work Opportunities,remote_work,2022-06,False
0.7714285714285715,0.9285714285714286,0.9285714285714286,0.8673469387755102,1.1529411764705884,5,14.0,2,Remote Work Opportunities,remote_work,2022-07,False
0.6571428571428571,0.6,0.6,0.42000000000000004,2.380952380952381,7,10.0,2,Remote Work Opportunities,remote_work,2022-08,False
0.3611111111111111,0.5833333333333334,0.5833333333333334,0.48263888888888895,2.071942446043165,3,48.0,2,Remote Work Opportunities,remote_work,2022-09,False
0.78,0.95,0.95,0.9049999999999999,1.1049723756906078,5,20.0,2,Remote Work Opportunities,remote_work,2022-10,False
0.0,1.0,1.0,1.0,1.0,1,656.0,2,Remote Work Opportunities,remote_work,2022-11,False
0.852359208523592,0.9041095890410958,0.9041095890410958,0.8209795458810283,1.218057142857143,9,73.0,2,Remote Work Opportunities,remote_work,2022-12,False
0.0,1.0,1.0,1.0,1.0,1,6800.0,2,Remote Work Opportunities,remote_work,2023-01,False
0.8060796645702306,0.9559748427672956,0.9559748427672956,0.914560341758633,1.0934215648112107,6,159.0,2,Remote Work Opportunities,remote_work,2023-02,False
0.6697965571205008,0.5915492957746479,0.5915492957746479,0.3894068637175163,2.568008150789608,9,71.0,2,Remote Work Opportunities,remote_work,2023-03,False
0.36363636363636365,0.5584415584415584,0.5584415584415584,0.4956991060887164,2.017352841102416,3,154.0,2,Remote Work Opportunities,remote_work,2023-05,False
0.655868544600939,0.5690140845070423,0.5690140845070423,0.4474429676651458,2.2349217045877743,6,355.0,2,Remote Work Opportunities,remote_work,2023-06,False
0.6222222222222222,0.6666666666666666,0.6666666666666666,0.5061728395061729,1.975609756097561,5,9.0,2,Remote Work Opportunities,remote_work,2023-08,False
0.4230769230769231,0.9230769230769231,0.9230769230769231,0.8579881656804735,1.1655172413793102,2,13.0,2,Remote Work Opportunities,remote_work,2023-09,False
0.9165828021916583,0.922509225092251,0.922509225092251,0.8537983658327634,1.171236722882032,15,5962.0,2,Remote Work Opportunities,remote_work,2023-10,True
0.844,0.8,0.8,0.6608,1.5133171912832928,10,25.0,2,Remote Work Opportunities,remote_work,2023-12,True
0.7794236207207749,0.2316346790205162,0.443414956982131,0.13808999172623793,7.241654427661132,33,15110.0,3,Remote Work During Pandemic,remote_work,2020-01,True
0.8128533540332492,0.42693576557345236,0.5833495051426354,0.2296049068501901,4.3553076182839074,30,5153.0,3,Remote Work During Pandemic,remote_work,2020-02,True
0.7071587504689082,0.16957775139901646,0.32219772765813126,0.10494543590698603,9.528761221081666,33,58970.0,3,Remote Work During Pandemic,remote_work,2020-03,True
0.6269233496419202,0.45734950010636033,0.45734950010636033,0.2607900096477728,3.834502714849453,12,9402.0,3,Remote Work During Pandemic,remote_work,2020-04,True
0.5898409940160443,0.22407170294494239,0.3795500274373514,0.10257664014584539,9.748808291811676,28,21868.0,3,Remote Work During Pandemic,remote_work,2020-05,True
0.6532544378698225,0.5325443786982249,0.5325443786982249,0.30439032246770076,3.2852555623088553,17,8450.0,3,Remote Work During Pandemic,remote_work,2020-06,True
0.4867879256965944,0.29721362229102166,0.29721362229102166,0.13597739458827363,7.354163558052448,16,8075.0,3,Remote Work During Pandemic,remote_work,2020-07,True
0.658013867400149,0.39865910263022175,0.4798005844937253,0.18900273598906822,5.290928698819679,24,11634.0,3,Remote Work During Pandemic,remote_work,2020-08,True
0.5097815040650406,0.24771341463414634,0.24771341463414634,0.15964545727059787,6.26388008213104,12,5248.0,3,Remote Work During Pandemic,remote_work,2020-09,True
0.4901530272787758,0.5788423153692615,0.5788423153692615,0.3766712483217198,2.654834964058332,6,5010.0,3,Remote Work During Pandemic,remote_work,2020-10,False
0.4608241439349971,0.522344747533372,0.522344747533372,0.4251841444604746,2.3519221331005222,4,3446.0,3,Remote Work During Pandemic,remote_work,2020-11,False
0.8748031496062992,0.9448818897637795,0.9448818897637795,0.8936846673693347,1.118962914451265,10,2540.0,3,Remote Work During Pandemic,remote_work,2021-01,True
0.045454545454545456,0.5454545454545454,0.5454545454545454,0.5041322314049586,1.9836065573770496,2,33.0,3,Remote Work During Pandemic,remote_work,2021-02,False
0.0,1.0,1.0,1.0,1.0,1,1300.0,3,Remote Work During Pandemic,remote_work,2021-03,False
0.3142857142857143,0.35714285714285715,0.35714285714285715,0.2653061224489796,3.769230769230769,5,14.0,3,Remote Work During Pandemic,remote_work,2021-04,False
0.822843558976681,0.9112519809825673,0.9112519809825673,0.835823950612943,1.1964241982616797,7,2524.0,3,Remote Work During Pandemic,remote_work,2021-05,False
0.5,1.0,1.0,1.0,1.0,2,3.0,3,Remote Work During Pandemic,remote_work,2021-07,False
0.5053676865271068,0.3961352657004831,0.3961352657004831,0.31241232130401075,3.200898081823388,6,621.0,3,Remote Work During Pandemic,remote_work,2021-08,False
0.8057142857142857,0.9285714285714286,0.9285714285714286,0.8662112244897959,1.1544528305887591,6,4200.0,3,Remote Work During Pandemic,remote_work,2021-09,False
0.5230769230769231,0.46153846153846156,0.46153846153846156,0.4082840236686391,2.4492753623188404,5,39.0,3,Remote Work During Pandemic,remote_work,2021-10,False
0.7463452997779423,0.2990377498149519,0.2990377498149519,0.22999165571353514,4.347983829663562,16,1351.0,3,Remote Work During Pandemic,remote_work,2021-11,True
0.6573655789716976,0.6009287080032778,0.6009287080032778,0.3806322890360989,2.6272074881833283,13,7322.0,3,Remote Work During Pandemic,remote_work,2021-12,True
0.6517722156895683,0.6887283722492861,0.6887283722492861,0.5413537969709474,1.8472208112242474,5,5953.0,3,Remote Work During Pandemic,remote_work,2022-01,False
0.6095427435387674,0.5447316103379721,0.5447316103379721,0.486652648720006,2.054853708554141,5,1006.0,3,Remote Work During Pandemic,remote_work,2022-02,False
0.10256410256410256,0.41420118343195267,0.41420118343195267,0.3452610202723994,2.896359395598824,3,676.0,3,Remote Work During Pandemic,remote_work,2022-03,False
0.5938954992240041,0.5173305742369374,0.5173305742369374,0.34372080313898956,2.909338017564309,7,1933.0,3,Remote Work During Pandemic,remote_work,2022-04,False
0.5878562577447336,0.6505576208178439,0.6505576208178439,0.4846487288272227,2.0633500936231695,5,807.0,3,Remote Work During Pandemic,remote_work,2022-05,False
0.22351524879614768,0.38924558587479935,0.38924558587479935,0.2943493013920629,3.397324183447051,4,1246.0,3,Remote Work During Pandemic,remote_work,2022-06,False
0.6770955367192705,0.7557485126226081,0.7557485126226081,0.5841103987047666,1.7120051315940383,7,6219.0,3,Remote Work During Pandemic,remote_work,2022-07,False
0.547953216374269,0.5360623781676414,0.5360623781676414,0.40641707419946876,2.4605265464541035,5,2052.0,3,Remote Work During Pandemic,remote_work,2022-08,False
,,,,,1,0.0,3,Remote Work During Pandemic,remote_work,2022-09,False
0.0,1.0,1.0,1.0,1.0,1,240.0,3,Remote Work During Pandemic,remote_work,2022-10,False
0.6515547146010722,0.9839167455061495,0.9839167455061495,0.9682257430528021,1.0328169924990986,3,26425.0,3,Remote Work During Pandemic,remote_work,2022-11,False
0.6056289089645587,0.46328468844104703,0.46328468844104703,0.38922454760657976,2.5692110277966838,6,4317.0,3,Remote Work During Pandemic,remote_work,2022-12,False
0.027227722772277228,0.5272277227722773,0.5272277227722773,0.501482697774728,1.994086744043983,2,404.0,3,Remote Work During Pandemic,remote_work,2023-01,False
0.3476665864806351,0.4330045706038008,0.4330045706038008,0.3491904152442423,2.8637670346723203,4,4157.0,3,Remote Work During Pandemic,remote_work,2023-02,False
0.5,1.0,1.0,1.0,1.0,2,271.0,3,Remote Work During Pandemic,remote_work,2023-03,False
0.0,1.0,1.0,1.0,1.0,1,668.0,3,Remote Work During Pandemic,remote_work,2023-04,False
0.0,1.0,1.0,1.0,1.0,1,497.0,3,Remote Work During Pandemic,remote_work,2023-07,False
0.825109476816058,0.8674335281915897,0.8674335281915897,0.757367884832729,1.3203622968788258,9,5303.0,3,Remote Work During Pandemic,remote_work,2023-08,False
0.0,1.0,1.0,1.0,1.0,1,570.0,3,Remote Work During Pandemic,remote_work,2023-09,False
0.49939430648092065,0.9993943064809206,0.9993943064809206,0.9987893466911193,1.0012121207668978,2,3302.0,3,Remote Work During Pandemic,remote_work,2023-10,False
0.373015873015873,0.873015873015873,0.873015873015873,0.7782816830435879,1.2848818387827774,2,2520.0,3,Remote Work During Pandemic,remote_work,2023-11,False
0.322968120987923,0.21216407355021216,0.21216407355021216,0.10772701355809455,9.282722754221014,13,3535.0,4,COVID-19 Vaccine Progress,vaccine,2020-01,True
0.4130700934128966,0.15138384120771597,0.27718758736371263,0.06439543353464487,15.52905144216473,29,14308.0,4,COVID-19 Vaccine Progress,vaccine,2020-02,True
0.7382953019228303,0.5163092996416206,0.5163092996416206,0.3081241958534912,3.245444575457768,18,32926.0,4,COVID-19 Vaccine Progress,vaccine,2020-03,True
0.43901150601713523,0.19974577810059924,0.3631741420010895,0.09258914377063196,10.800402285577531,22,11014.0,4,COVID-19 Vaccine Progress,vaccine,2020-04,True
0.6071472329997958,0.7698590974065754,0.7698590974065754,0.6077017893915871,1.645543945166214,5,9794.0,4,COVID-19 Vaccine Progress,vaccine,2020-05,False
0.6964923126743356,0.4506046087154917,0.5789413643623089,0.23116363922449631,4.32593985522456,31,35064.0,4,COVID-19 Vaccine Progress,vaccine,2020-06,True
0.6905900833025332,0.20138553246334784,0.35846624778475916,0.11566954580168237,8.645317944919737,34,49656.0,4,COVID-19 Vaccine Progress,vaccine,2020-07,True
0.629097458160312,0.39637599093997733,0.39637599093997733,0.2070093211844723,4.8307003485551725,18,14128.0,4,COVID-19 Vaccine Progress,vaccine,2020-08,True
0.5780575003724118,0.35006703411291523,0.35006703411291523,0.1783813615586185,5.605966852491966,18,13426.0,4,COVID-19 Vaccine Progress,vaccine,2020-09,True
0.7844131767134478,0.6932517253224245,0.6932517253224245,0.5006215168929211,1.997517018857765,19,32023.0,4,COVID-19 Vaccine Progress,vaccine,2020-10,True
0.7176544496200049,0.5148320666830105,0.5148320666830105,0.30827271644881205,3.2438809750004185,20,32632.0,4,COVID-19 Vaccine Progress,vaccine,2020-11,True
0.30416256964929533,0.2165683382497542,0.2165683382497542,0.1446122650439094,6.91504278490047,9,4068.0,4,COVID-19 Vaccine Progress,vaccine,2020-12,False
0.6181215418018817,0.7190717437489786,0.7190717437489786,0.5316271942743903,1.8810173948397888,7,6119.0,4,COVID-19 Vaccine Progress,vaccine,2021-01,False
0.4707920227920228,0.4512820512820513,0.4512820512820513,0.250884838921762,3.9858925086814363,9,4875.0,4,COVID-19 Vaccine Progress,vaccine,2021-02,False
0.3364552459988145,0.35566093657379966,0.35566093657379966,0.2758698355463465,3.6248979451470285,5,3374.0,4,COVID-19 Vaccine Progress,vaccine,2021-03,False
0.5,1.0,1.0,1.0,1.0,2,507.0,4,COVID-19 Vaccine Progress,vaccine,2021-05,False
0.0,1.0,1.0,1.0,1.0,1,167.0,4,COVID-19 Vaccine Progress,vaccine,2021-07,False
0.0,1.0,1.0,1.0,1.0,1,232.0,4,COVID-19 Vaccine Progress,vaccine,2021-09,False
0.2955735766176719,0.3765838824125697,0.3765838824125697,0.22662841415366958,4.412509365758221,6,1973.0,4,COVID-19 Vaccine Progress,vaccine,2022-02,False
0.1607565011820331,0.41742654508611954,0.41742654508611954,0.37038850548518787,2.6998678014860555,3,987.0,4,COVID-19 Vaccine Progress,vaccine,2022-03,False
0.23387338733873386,0.3483348334833483,0.3483348334833483,0.2092320393155427,4.779382752618974,6,2222.0,4,COVID-19 Vaccine Progress,vaccine,2022-04,False
0.17148014440433212,0.2527075812274368,0.2527075812274368,0.18256913212443157,5.4773771905671405,6,1939.0,4,COVID-19 Vaccine Progress,vaccine,2022-05,False
0.317987567987568,0.5454545454545454,0.5454545454545454,0.3677000716627756,2.7196078463566855,4,1287.0,4,COVID-19 Vaccine Progress,vaccine,2022-06,False
0.13301153124161974,0.43121480289621883,0.43121480289621883,0.35325805201000104,2.8307918087361505,3,1243.0,4,COVID-19 Vaccine Progress,vaccine,2022-07,False
0.4390809759018111,0.4162550516389762,0.4162550516389762,0.2748154108988978,3.638806123459689,6,2227.0,4,COVID-19 Vaccine Progress,vaccine,2022-08,False
0.2925513550837217,0.448817538408424,0.448817538408424,0.32181190123654124,3.1074052766773548,4,5793.0,4,COVID-19 Vaccine Progress,vaccine,2022-09,False
0.4325972660357518,0.47318611987381703,0.47318611987381703,0.30040302918727424,3.328861239200721,6,3170.0,4,COVID-19 Vaccine Progress,vaccine,2022-10,False
0.3723861156093783,0.2957121734844751,0.2957121734844751,0.20792611373623612,4.809400714662258,7,8116.0,4,COVID-19 Vaccine Progress,vaccine,2022-11,False
0.5107560066753538,0.4640742518803008,0.4640742518803008,0.2999468553150613,3.3339239344570206,7,6249.0,4,COVID-19 Vaccine Progress,vaccine,2022-12,False
0.6894922358769172,0.8669143564828046,0.8669143564828046,0.7566485174309431,1.321617603104954,5,10497.0,4,COVID-19 Vaccine Progress,vaccine,2023-01,False
0.18576844561096528,0.48118985126859143,0.48118985126859143,0.3725935723476385,2.683889562826319,3,2286.0,4,COVID-19 Vaccine Progress,vaccine,2023-03,False
0.37473907035545234,0.2675447622967689,0.2675447622967689,0.2166135017791915,4.616517399821948,7,4859.0,4,COVID-19 Vaccine Progress,vaccine,2023-04,False
0.2757969798657718,0.33165548098434006,0.33165548098434006,0.17661585564213822,5.662005805561509,8,3576.0,4,COVID-19 Vaccine Progress,vaccine,2023-05,False
0.6965091163204371,0.45740423098913663,0.45740423098913663,0.30377050837475666,3.291958805844037,12,26235.0,4,COVID-19 Vaccine Progress,vaccine,2023-06,True
0.3131156039398652,0.39191290824261277,0.39191290824261277,0.2736312230905277,3.654553704454852,5,1929.0,4,COVID-19 Vaccine Progress,vaccine,2023-07,False
0.5319641424374137,0.4623616811262923,0.4623616811262923,0.27145111984257125,3.683904492933949,9,19249.0,4,COVID-19 Vaccine Progress,vaccine,2023-08,False
0.28433641975308643,0.2691358024691358,0.2691358024691358,0.17112863892699282,5.843557257687427,8,3240.0,4,COVID-19 Vaccine Progress,vaccine,2023-09,False
0.6038076667723355,0.4605566155668136,0.4605566155668136,0.2697028466795196,3.7077843719917136,11,15199.0,4,COVID-19 Vaccine Progress,vaccine,2023-10,True
0.42840512223515714,0.7566938300349243,0.7566938300349243,0.6022990156949426,1.6603048883388651,3,1718.0,4,COVID-19 Vaccine Progress,vaccine,2023-11,False
0.6516308050834905,0.6566668970761043,0.6566668970761043,0.4688924062255767,2.132685423612759,7,14467.0,4,COVID-19 Vaccine Progress,vaccine,2023-12,False
0.8597916666666666,0.6111111111111112,0.7265277777777778,0.40159351851851854,2.490080028405357,24,7200.0,5,Remote Work Post-Pandemic,remote_work,2020-01,True
0.7020924481643523,0.3994673768308921,0.3994673768308921,0.24052928984168465,4.157497827637523,14,3755.0,5,Remote Work Post-Pandemic,remote_work,2020-02,True
0.7617786451073321,0.3949447077409163,0.3949447077409163,0.2411711452023889,4.1464330202554205,17,2532.0,5,Remote Work Post-Pandemic,remote_work,2020-03,True
0.6997622965807277,0.301700493691717,0.5170049369171695,0.16765342823415919,5.964685664544325,21,3646.0,5,Remote Work Post-Pandemic,remote_work,2020-04,True
0.6361063542136097,0.2103049421661409,0.40558810274898605,0.11533065892818134,8.670721292095623,25,6657.0,5,Remote Work Post-Pandemic,remote_work,2020-05,True
0.7770568246017893,0.5312286559915004,0.5312286559915004,0.32880518578319723,3.041314563266546,18,13177.0,5,Remote Work Post-Pandemic,remote_work,2020-06,True
0.3712905452035887,0.5641821946169773,0.5641821946169773,0.5020275280874795,1.9919226417913631,3,966.0,5,Remote Work Post-Pandemic,remote_work,2020-07,False
0.8166169693683926,0.3785385121790652,0.49736668861092825,0.19108160794951465,5.233366050929446,34,6076.0,5,Remote Work Post-Pandemic,remote_work,2020-08,True
0.8862045824944876,0.5752085130859936,0.731090020132298,0.377641097515048,2.6480168778774207,27,3477.0,5,Remote Work Post-Pandemic,remote_work,2020-09,True
0.3951534339990258,0.5845104724792985,0.5845104724792985,0.40811742596165085,2.4502751815698405,4,2053.0,5,Remote Work Post-Pandemic,remote_work,2020-10,False
0.8206388206388207,0.597972972972973,0.597972972972973,0.48874634769905045,2.046051095231423,11,296.0,5,Remote Work Post-Pandemic,remote_work,2020-11,True
0.9412840680446314,0.9557344064386318,0.9678068410462777,0.9137743968843239,1.0943620256922033,22,994.0,5,Remote Work Post-Pandemic,remote_work,2021-01,True
0.8277130594727161,0.9356223175965666,0.9356223175965666,0.8773191213280367,1.139836093491563,7,699.0,5,Remote Work Post-Pandemic,remote_work,2021-02,False
0.5986394557823129,0.8979591836734694,0.8979591836734694,0.8167430237401083,1.2243753187149413,3,98.0,5,Remote Work Post-Pandemic,remote_work,2021-03,False
0.8217366946778711,0.47619047619047616,0.7086834733893558,0.29527889587207434,3.386628756676321,25,357.0,5,Remote Work Post-Pandemic,remote_work,2021-04,True
0.6411483253588517,0.22727272727272727,0.22727272727272727,0.1472107438016529,6.792982456140351,19,88.0,5,Remote Work Post-Pandemic,remote_work,2021-05,True
0.25,0.75,0.75,0.625,1.6,2,8.0,5,Remote Work Post-Pandemic,remote_work,2021-06,False
0.706766917293233,0.7819548872180451,0.7819548872180451,0.6294660523489173,1.5886480236200144,6,532.0,5,Remote Work Post-Pandemic,remote_work,2021-07,False
0.5739644970414202,0.4326923076923077,0.4326923076923077,0.22892011834319528,4.368336025848142,13,104.0,5,Remote Work Post-Pandemic,remote_work,2021-08,True
0.8732804232804233,0.7314814814814815,0.7314814814814815,0.5827091906721538,1.7161218940900902,14,540.0,5,Remote Work Post-Pandemic,remote_work,2021-09,True
0.654891304347826,0.2898550724637681,0.2898550724637681,0.18798571728628438,5.319553072625698,16,69.0,5,Remote Work Post-Pandemic,remote_work,2021-10,True
0.6565656565656566,0.19444444444444445,0.3611111111111111,0.1234567901234568,8.1,22,36.0,5,Remote Work Post-Pandemic,remote_work,2021-11,True
0.4955357142857143,0.9955357142857143,0.9955357142857143,0.9911112882653061,1.0089684295194048,2,224.0,5,Remote Work Post-Pandemic,remote_work,2021-12,False
0.6754246885617214,0.7927519818799547,0.7927519818799547,0.6495955438642843,1.5394194271272947,5,1766.0,5,Remote Work Post-Pandemic,remote_work,2022-01,False
0.7338010204081633,0.860969387755102,0.860969387755102,0.7549354842383381,1.3246165015132516,5,3136.0,5,Remote Work Post-Pandemic,remote_work,2022-02,False
0.8241064068409452,0.987083010497044,0.987083010497044,0.9743791154445628,1.0262945748213699,6,94217.0,5,Remote Work Post-Pandemic,remote_work,2022-03,False
0.723410690717114,0.3519577650681918,0.3519577650681918,0.21462736394201987,4.6592381401569245,16,4546.0,5,Remote Work Post-Pandemic,remote_work,2022-04,True
0.874987624987625,0.8167508167508167,0.8167508167508167,0.6859223182359505,1.4578910372413483,12,6734.0,5,Remote Work Post-Pandemic,remote_work,2022-05,True
0.6137064944384643,0.5202726946537496,0.5202726946537496,0.31538504221957264,3.1707274161207524,10,5574.0,5,Remote Work Post-Pandemic,remote_work,2022-06,True
0.6668503551310311,0.31227038941954444,0.31227038941954444,0.22989481844669468,4.349815305784581,12,1361.0,5,Remote Work Post-Pandemic,remote_work,2022-07,True
0.7479811574697174,0.7065948855989233,0.7065948855989233,0.5148756609467636,1.9422164919607583,11,5944.0,5,Remote Work Post-Pandemic,remote_work,2022-08,True
0.4038353073886069,0.6074450084602369,0.6074450084602369,0.5217661424469123,1.9165674401760289,3,591.0,5,Remote Work Post-Pandemic,remote_work,2022-09,False
0.5784708249496981,0.46277665995975853,0.46277665995975853,0.3631325174386358,2.7538156237109384,6,497.0,5,Remote Work Post-Pandemic,remote_work,2022-10,False
0.16876971608832808,0.668769716088328,0.668769716088328,0.5569664341370697,1.7954403330415052,2,634.0,5,Remote Work Post-Pandemic,remote_work,2022-11,False
0.5451559934318555,0.3793103448275862,0.3793103448275862,0.2886775003302946,3.4640732265446226,7,87.0,5,Remote Work Post-Pandemic,remote_work,2022-12,False
0.10575205430510896,0.41693461950696675,0.41693461950696675,0.3460250502878267,2.889964177935069,3,933.0,5,Remote Work Post-Pandemic,remote_work,2023-01,False
0.4819193324061196,0.34840055632823363,0.34840055632823363,0.22632558355465887,4.418413439143943,8,1438.0,5,Remote Work Post-Pandemic,remote_work,2023-02,False
0.7721418234442836,0.28726483357452964,0.28726483357452964,0.20880621427868334,4.789129497196618,20,1382.0,5,Remote Work Post-Pandemic,remote_work,2023-03,True
0.4065698041692988,0.457991156032849,0.457991156032849,0.3117787739201537,3.2074024393209632,5,1583.0,5,Remote Work Post-Pandemic,remote_work,2023-04,False
0.27470444615780004,0.2189668465690054,0.2189668465690054,0.15705651847593782,6.36713464492852,8,3891.0,5,Remote Work Post-Pandemic,remote_work,2023-05,False
0.6540307101727447,0.809021113243762,0.809021113243762,0.690623376719066,1.4479672042824336,4,1042.0,5,Remote Work Post-Pandemic,remote_work,2023-06,False
0.17526401299756295,0.4021121039805037,0.4021121039805037,0.2822555153524474,3.5428891398324596,4,1231.0,5,Remote Work Post-Pandemic,remote_work,2023-07,False
0.8712871287128713,0.49284928492849284,0.7150715071507151,0.31821741029988587,3.1425056192167706,25,909.0,5,Remote Work Post-Pandemic,remote_work,2023-08,True
0.6056366585563666,0.9124087591240876,0.9124087591240876,0.8395006023525791,1.1911843746122928,3,3288.0,5,Remote Work Post-Pandemic,remote_work,2023-09,False
0.7538284036081393,0.4955947136563877,0.4955947136563877,0.31036211270460434,3.222042765741118,14,5448.0,5,Remote Work Post-Pandemic,remote_work,2023-10,True
0.3802533857579729,0.3888160768894714,0.3888160768894714,0.2946893427853424,3.393404018442635,5,2289.0,5,Remote Work Post-Pandemic,remote_work,2023-11,False
0.5649630541871922,0.41133004926108374,0.41133004926108374,0.269902357494722,3.7050435916238897,8,1624.0,5,Remote Work Post-Pandemic,remote_work,2023-12,False
0.6828593996840442,0.47571090047393366,0.47571090047393366,0.33450366119359404,2.9895039008892934,9,1688.0,6,Remote Work During COVID,remote_work,2020-01,False
0.9276146840096928,0.8578670306102554,0.9046597777344512,0.739404738141977,1.352439264201719,28,25645.0,6,Remote Work During COVID,remote_work,2020-02,True
0.8263862600179753,0.4283814719872788,0.5414741805919204,0.22056367145083755,4.533838203826303,39,291796.0,6,Remote Work During COVID,remote_work,2020-03,True
0.7057712016397643,0.3586984370996669,0.3586984370996669,0.2098456097384374,4.765408250601252,16,7806.0,6,Remote Work During COVID,remote_work,2020-04,True
0.8287059103908484,0.667302192564347,0.667302192564347,0.47300983914045874,2.1141209278377255,16,2098.0,6,Remote Work During COVID,remote_work,2020-05,True
0.628978622327791,0.3752969121140142,0.3752969121140142,0.2516481795972715,3.973801843511697,10,1684.0,6,Remote Work During COVID,remote_work,2020-06,True
0.6114097123998115,0.7543611504007544,0.7543611504007544,0.5886806704513652,1.6987138362013139,5,2121.0,6,Remote Work During COVID,remote_work,2020-07,False
0.792388847023361,0.5222305953278071,0.6465712132629993,0.31150659680202897,3.210204888969101,22,1327.0,6,Remote Work During COVID,remote_work,2020-08,True
0.8854843767214421,0.6991703178894378,0.8110375687517479,0.5107756700357227,1.9578066432374548,22,21454.0,6,Remote Work During COVID,remote_work,2020-09,True
0.0,1.0,1.0,1.0,1.0,1,297.0,6,Remote Work During COVID,remote_work,2020-10,False
0.8020708762987615,0.39717344895493734,0.39717344895493734,0.26292073019746276,3.8034277451190883,19,60427.0,6,Remote Work During COVID,remote_work,2020-11,True
0.9336379902088064,0.6732035709058979,0.9659007756475926,0.538990165515279,1.8553214213917832,31,13666.0,6,Remote Work During COVID,remote_work,2021-01,True
0.921485642527452,0.9969468502710449,0.9969468502710449,0.9939045286496253,1.0061328539861432,13,32098.0,6,Remote Work During COVID,remote_work,2021-02,True
0.8207729468599034,0.972463768115942,0.972463768115942,0.946124763705104,1.056943056943057,6,690.0,6,Remote Work During COVID,remote_work,2021-03,False
0.7747608535688005,0.4543046357615894,0.4543046357615894,0.2954273935353713,3.3849264553060845,18,755.0,6,Remote Work During COVID,remote_work,2021-04,True
0.7748627211714461,0.697986577181208,0.697986577181208,0.5092788613125535,1.9635607836200415,11,298.0,6,Remote Work During COVID,remote_work,2021-05,True
0.6661907141667262,0.9995002498750625,0.9995002498750625,0.9990008769238773,1.0010001223214129,3,14007.0,6,Remote Work During COVID,remote_work,2021-06,False
0.7454984628897673,0.5849802371541502,0.5849802371541502,0.42469808933118774,2.354613842446983,9,1012.0,6,Remote Work During COVID,remote_work,2021-07,False
0.8907477451265639,0.8929970233432555,0.8929970233432555,0.8009769065561676,1.248475445190474,14,6383.0,6,Remote Work During COVID,remote_work,2021-08,True
0.38461538461538464,0.21794871794871795,0.21794871794871795,0.16272189349112426,6.1454545454545455,9,78.0,6,Remote Work During COVID,remote_work,2021-09,False
0.9087405203033503,0.7391763463569165,0.8764519535374868,0.5720069936853889,1.7482303731237467,22,18940.0,6,Remote Work During COVID,remote_work,2021-10,True
0.869077941925624,0.8278145695364238,0.8278145695364238,0.6982684421735889,1.4321139831082341,13,1208.0,6,Remote Work During COVID,remote_work,2021-11,True
0.7668552036199096,0.6343891402714932,0.6343891402714932,0.5120165434778157,1.9530618936794713,8,1105.0,6,Remote Work During COVID,remote_work,2021-12,False
0.8304281016721992,0.7386974613118893,0.7386974613118893,0.5593904157601091,1.7876602312558094,15,106945.0,6,Remote Work During COVID,remote_work,2022-01,True
0.6618871697331041,0.4499067266542302,0.4499067266542302,0.3304743017756657,3.025953893016544,9,9113.0,6,Remote Work During COVID,remote_work,2022-02,False
0.7541165556770367,0.8945432859556705,0.8945432859556705,0.8031191868554209,1.245145199326463,6,20122.0,6,Remote Work During COVID,remote_work,2022-03,False
0.8097973250184622,0.6461803561171741,0.6461803561171741,0.45171644208782274,2.2137781732673347,14,6964.0,6,Remote Work During COVID,remote_work,2022-04,True
0.740721522115147,0.7165801828514949,0.7165801828514949,0.5293448752546752,1.8891275740015165,10,4047.0,6,Remote Work During COVID,remote_work,2022-05,True
0.3990455212922173,0.4522760646108664,0.4522760646108664,0.39415776660823143,2.537055171093301,4,681.0,6,Remote Work During COVID,remote_work,2022-06,False
0.5815921915510142,0.33551929235931066,0.33551929235931066,0.22603713812979964,4.424051765448206,10,6557.0,6,Remote Work During COVID,remote_work,2022-07,True
0.4530015439106348,0.39033693579148127,0.39033693579148127,0.24656260343713388,4.05576509194741,7,1573.0,6,Remote Work During COVID,remote_work,2022-08,False
0.0,1.0,1.0,1.0,1.0,1,194.0,6,Remote Work During COVID,remote_work,2022-09,False
0.358161648177496,0.3803486529318542,0.3803486529318542,0.2404291228924983,4.1592299134540545,6,2524.0,6,Remote Work During COVID,remote_work,2022-10,False
0.2585394581861013,0.5821554770318021,0.5821554770318021,0.4266269400292175,2.343968245257824,3,1132.0,6,Remote Work During COVID,remote_work,2022-11,False
0.42912291537986413,0.5071031500926498,0.5071031500926498,0.4010722729355427,2.4933162112672704,4,1619.0,6,Remote Work During COVID,remote_work,2022-12,False
0.3382433169667212,0.5761047463175123,0.5761047463175123,0.46275725180206845,2.16096019264053,3,611.0,6,Remote Work During COVID,remote_work,2023-01,False
0.45666929755327546,0.3,0.3,0.2392808522328378,4.179189394673865,7,1810.0,6,Remote Work During COVID,remote_work,2023-02,False
0.6543073676132003,0.5564082885648504,0.5564082885648504,0.38167198135950514,2.620050852142794,8,5212.0,6,Remote Work During COVID,remote_work,2023-03,False
0.2578616352201258,0.4192872117400419,0.4192872117400419,0.3076464978090705,3.2504839389415485,4,2862.0,6,Remote Work During COVID,remote_work,2023-04,False
0.41103965702036444,0.9110396570203644,0.9110396570203644,0.8379071992868377,1.1934495858862693,2,3732.0,6,Remote Work During COVID,remote_work,2023-05,False
0.0,1.0,1.0,1.0,1.0,1,517.0,6,Remote Work During COVID,remote_work,2023-06,False
0.6814961575408262,0.696445725264169,0.696445725264169,0.5058974919741142,1.9766850317794582,8,4164.0,6,Remote Work During COVID,remote_work,2023-07,False
0.6704113171659534,0.47551117451260105,0.47551117451260105,0.3564789471554008,2.8052147482472995,8,2103.0,6,Remote Work During COVID,remote_work,2023-08,False
0.0,1.0,1.0,1.0,1.0,1,443.0,6,Remote Work During COVID,remote_work,2023-09,False
0.7371614301191766,0.8775731310942578,0.8775731310942578,0.7794135426778521,1.2830159411450217,5,923.0,6,Remote Work During COVID,remote_work,2023-10,False
0.45261875761266745,0.4466098254161592,0.4466098254161592,0.3385285332956173,2.9539607496741143,5,4926.0,6,Remote Work During COVID,remote_work,2023-11,False
0.8748681832515589,0.9019486838669863,0.9019486838669863,0.8148664211896682,1.2271950027589125,14,42131.0,6,Remote Work During COVID,remote_work,2023-12,True
0.7453495502861816,0.27800490596892885,0.27800490596892885,0.23194241737640975,4.311414924925704,16,1223.0,7,Remote Work Tips,remote_work,2020-01,True
0.6429302970058437,0.3286944996686547,0.3286944996686547,0.23760683085054946,4.2086332131965625,11,3018.0,7,Remote Work Tips,remote_work,2020-02,True
0.8370383336250656,0.44543147208121825,0.5803722504230119,0.24961492322800263,4.006170733176007,29,2364.0,7,Remote Work Tips,remote_work,2020-03,True
0.7383584807492196,0.2715920915712799,0.2715920915712799,0.2307678980770334,4.333358358475782,16,961.0,7,Remote Work Tips,remote_work,2020-04,True
0.8726164283094976,0.46534653465346537,0.7480748074807481,0.3344298126182255,2.9901640412111474,24,909.0,7,Remote Work Tips,remote_work,2020-05,True
0.8394276629570747,0.5763116057233705,0.5763116057233705,0.40262005201685375,2.483731237405284,16,1258.0,7,Remote Work Tips,remote_work,2020-06,True
0.7478165938864629,0.9956331877729258,0.9956331877729258,0.9913045136439045,1.0087717610849285,4,229.0,7,Remote Work Tips,remote_work,2020-07,False
0.9259796806966618,0.9080188679245284,0.9339622641509434,0.8255606977572091,1.2112979732643379,26,424.0,7,Remote Work Tips,remote_work,2020-08,True
0.7411764705882353,0.25,0.43333333333333335,0.1272222222222222,7.860262008733625,34,60.0,7,Remote Work Tips,remote_work,2020-09,True
0.74,0.84,0.84,0.7167999999999998,1.3950892857142863,6,50.0,7,Remote Work Tips,remote_work,2020-11,False
0.7097222222222223,0.4,0.4,0.2306172839506173,4.3361884368308345,16,45.0,7,Remote Work Tips,remote_work,2021-01,True
0.6666666666666666,1.0,1.0,1.0,1.0,3,1.0,7,Remote Work Tips,remote_work,2021-02,False
0.6666666666666666,1.0,1.0,1.0,1.0,3,1.0,7,Remote Work Tips,remote_work,2021-03,False
0.6765327695560254,0.627906976744186,0.627906976744186,0.4159004867495944,2.404421326397919,11,43.0,7,Remote Work Tips,remote_work,2021-04,True
0.9059319930503847,0.9212376933895922,0.9212376933895922,0.8495888400284063,1.1770399431877714,17,711.0,7,Remote Work Tips,remote_work,2021-05,True
0.0,1.0,1.0,1.0,1.0,1,1.0,7,Remote Work Tips,remote_work,2021-06,False
0.8478632478632478,0.8676923076923077,0.8676923076923077,0.7652828402366864,1.3067064194079152,9,325.0,7,Remote Work Tips,remote_work,2021-07,False
0.6233766233766234,0.5454545454545454,0.5454545454545454,0.371900826446281,2.688888888888889,7,11.0,7,Remote Work Tips,remote_work,2021-08,False
0.48214285714285715,0.2857142857142857,0.2857142857142857,0.22448979591836732,4.454545454545455,8,7.0,7,Remote Work Tips,remote_work,2021-09,False
0.6964285714285714,0.375,0.375,0.234375,4.266666666666667,14,16.0,7,Remote Work Tips,remote_work,2021-10,True
0.6547619047619048,0.2857142857142857,0.2857142857142857,0.22448979591836732,4.454545454545455,12,7.0,7,Remote Work Tips,remote_work,2021-11,True
0.5,1.0,1.0,1.0,1.0,2,1.0,7,Remote Work Tips,remote_work,2021-12,False
0.0,1.0,1.0,1.0,1.0,1,22.0,7,Remote Work Tips,remote_work,2022-01,False
0.6928571428571428,0.8857142857142857,0.8857142857142857,0.7975510204081633,1.2538382804503583,4,210.0,7,Remote Work Tips,remote_work,2022-02,False
,,,,,2,0.0,7,Remote Work Tips,remote_work,2022-03,False
0.5833333333333334,0.6666666666666666,0.6666666666666666,0.5555555555555556,1.7999999999999998,4,3.0,7,Remote Work Tips,remote_work,2022-04,False
0.8302366733023667,0.9953550099535501,0.9953550099535501,0.9907382007169374,1.009348382121897,6,1507.0,7,Remote Work Tips,remote_work,2022-05,False
0.8613825551936302,0.9511400651465798,0.9511400651465798,0.9052085433267195,1.1047178104670927,9,307.0,7,Remote Work Tips,remote_work,2022-06,False
0.65,0.625,0.625,0.53125,1.8823529411764706,5,8.0,7,Remote Work Tips,remote_work,2022-07,False
0.8267045454545454,0.9204545454545454,0.9204545454545454,0.8487215909090908,1.1782426778242678,8,176.0,7,Remote Work Tips,remote_work,2022-08,False
,,,,,2,0.0,7,Remote Work Tips,remote_work,2022-09,False
0.26666666666666666,0.6,0.6,0.44000000000000006,2.2727272727272725,3,5.0,7,Remote Work Tips,remote_work,2022-10,False
0.0,1.0,1.0,1.0,1.0,1,199.0,7,Remote Work Tips,remote_work,2022-11,False
,,,,,5,0.0,7,Remote Work Tips,remote_work,2022-12,False
0.375,0.5,0.5,0.375,2.6666666666666665,4,4.0,7,Remote Work Tips,remote_work,2023-01,False
0.6666666666666666,0.5,0.5,0.5,2.0,6,6.0,7,Remote Work Tips,remote_work,2023-02,False
0.7901234567901234,0.6666666666666666,0.6666666666666666,0.5061728395061729,1.975609756097561,9,9.0,7,Remote Work Tips,remote_work,2023-03,False
0.0,1.0,1.0,1.0,1.0,1,194.0,7,Remote Work Tips,remote_work,2023-04,False
0.7403846153846154,0.6923076923076923,0.6923076923076923,0.514792899408284,1.942528735632184,8,13.0,7,Remote Work Tips,remote_work,2023-06,False
0.6456140350877193,0.968421052631579,0.968421052631579,0.938836565096953,1.065148117549864,3,95.0,7,Remote Work Tips,remote_work,2023-07,False
0.8035714285714286,0.7857142857142857,0.7857142857142857,0.6428571428571428,1.5555555555555558,8,14.0,7,Remote Work Tips,remote_work,2023-08,False
0.746042216358839,0.9947229551451188,0.9947229551451188,0.9894876810938382,1.0106240018011552,4,379.0,7,Remote Work Tips,remote_work,2023-10,False
0.5833333333333334,0.6666666666666666,0.6666666666666666,0.5555555555555556,1.7999999999999998,4,6.0,7,Remote Work Tips,remote_work,2023-11,False
0.6666666666666666,1.0,1.0,1.0,1.0,3,737.0,7,Remote Work Tips,remote_work,2023-12,False
0.6803804550540843,0.4525674499564839,0.4525674499564839,0.27559145917932193,3.6285594734244637,14,11490.0,8,Vaccine Rollout Progress,vaccine,2020-01,True
0.2989781536293164,0.2642706131078224,0.2642706131078224,0.12384095267041824,8.074873282518514,12,3784.0,8,Vaccine Rollout Progress,vaccine,2020-02,True
0.4289385078858763,0.45188729399255717,0.45188729399255717,0.2854762686039443,3.502918140587548,6,3762.0,8,Vaccine Rollout Progress,vaccine,2020-03,False
0.7310613368880782,0.6752845842176346,0.6752845842176346,0.48068589024307307,2.080360626966438,11,20732.0,8,Vaccine Rollout Progress,vaccine,2020-04,True
0.568134586838199,0.7028698664027709,0.7028698664027709,0.5220845398427839,1.9153986063274953,5,4042.0,8,Vaccine Rollout Progress,vaccine,2020-05,False
0.17439703153988867,0.5037105751391465,0.5037105751391465,0.3769486543141459,2.6528812042570875,3,1078.0,8,Vaccine Rollout Progress,vaccine,2020-06,False
0.7081903400063553,0.73085478233238,0.73085478233238,0.5521763995327359,1.8110154668801899,8,15735.0,8,Vaccine Rollout Progress,vaccine,2020-07,False
0.400066401062417,0.199203187250996,0.199203187250996,0.13536499420644119,7.387434290987589,12,5020.0,8,Vaccine Rollout Progress,vaccine,2020-08,True
0.48212235850283586,0.19593872461702885,0.3262676641729011,0.09408469287139196,10.628721521862637,21,16842.0,8,Vaccine Rollout Progress,vaccine,2020-09,True
0.47651019622931895,0.38476337052712584,0.38476337052712584,0.1717052249207638,5.823934597572476,20,10396.0,8,Vaccine Rollout Progress,vaccine,2020-10,True
0.6088010540184453,0.28733459357277885,0.43478260869565216,0.12201336330273264,8.19582357974066,33,26450.0,8,Vaccine Rollout Progress,vaccine,2020-11,True
0.2748649454810592,0.10013367359338923,0.1848341232227488,0.0570921764774968,17.515534731701035,22,8229.0,8,Vaccine Rollout Progress,vaccine,2020-12,True
0.7208337009662524,0.24433449392217946,0.4886689878443589,0.15012959220788294,6.660911984729234,36,49113.0,8,Vaccine Rollout Progress,vaccine,2021-01,True
0.42798702734576544,0.1851551558929756,0.26623424485884867,0.06799440273567778,14.707092933625896,30,13567.0,8,Vaccine Rollout Progress,vaccine,2021-02,True
0.468268113134444,0.14152621722846442,0.22579588014981272,0.06435700546367602,15.538323960154015,29,21360.0,8,Vaccine Rollout Progress,vaccine,2021-03,True
0.5801494987599985,0.3898145237346746,0.3898145237346746,0.18782605894140597,5.3240748681840735,18,15905.0,8,Vaccine Rollout Progress,vaccine,2021-04,True
0.42298673122693753,0.29824038174768863,0.29824038174768863,0.12747678645291913,7.844565491689179,17,10059.0,8,Vaccine Rollout Progress,vaccine,2021-05,True
0.4449705179632187,0.33537186821858356,0.33537186821858356,0.19245787108119045,5.195942334715628,9,5069.0,8,Vaccine Rollout Progress,vaccine,2021-06,False
0.32358444516758866,0.2554506996420436,0.2554506996420436,0.17282708248330647,5.786130192278117,8,3073.0,8,Vaccine Rollout Progress,vaccine,2021-07,False
0.447841726618705,0.5011990407673861,0.5011990407673861,0.41700740127322605,2.398038972322204,4,417.0,8,Vaccine Rollout Progress,vaccine,2021-08,False
0.4318360914105595,0.7056737588652482,0.7056737588652482,0.5572182262238095,1.794629021338482,3,846.0,8,Vaccine Rollout Progress,vaccine,2021-09,False
0.3348117024587613,0.4668534080298786,0.4668534080298786,0.3419818665786334,2.9241316506179884,4,3213.0,8,Vaccine Rollout Progress,vaccine,2021-10,False
0.31341107871720114,0.3769262807163682,0.3769262807163682,0.23212371077509872,4.30804762107601,6,2401.0,8,Vaccine Rollout Progress,vaccine,2021-11,False
0.3028788701792504,0.2534854245880862,0.2534854245880862,0.18473471577665654,5.4131677188872045,7,3945.0,8,Vaccine Rollout Progress,vaccine,2021-12,False
0.5267602011658475,0.4177620299462796,0.4177620299462796,0.2700711049700032,3.702728583685656,8,8749.0,8,Vaccine Rollout Progress,vaccine,2022-01,False
0.5491146070831433,0.5015959872321022,0.5015959872321022,0.30957180401532325,3.230268348181031,8,6579.0,8,Vaccine Rollout Progress,vaccine,2022-02,False
0.30615550755939525,0.20626349892008639,0.20626349892008639,0.13484925525612376,7.4156879702499365,10,3704.0,8,Vaccine Rollout Progress,vaccine,2022-03,True
0.4561097406894892,0.2316346790205162,0.2316346790205162,0.1587239025001303,6.3002483195571575,11,6044.0,8,Vaccine Rollout Progress,vaccine,2022-04,True
0.7666361695638915,0.6404391582799634,0.6404391582799634,0.470453488849026,2.1256086386914044,12,21860.0,8,Vaccine Rollout Progress,vaccine,2022-05,True
0.5400437146219806,0.48384987576827515,0.48384987576827515,0.3171145406191389,3.1534347117845365,7,7647.0,8,Vaccine Rollout Progress,vaccine,2022-06,False
0.6400521587071877,0.602990834539315,0.602990834539315,0.3770079332999638,2.652464077471698,16,16584.0,8,Vaccine Rollout Progress,vaccine,2022-07,True
0.19520414776409592,0.29941672067401165,0.29941672067401165,0.225004189681916,4.4443616868365,5,1543.0,8,Vaccine Rollout Progress,vaccine,2022-08,False
0.4724072407240724,0.45004500450045004,0.45004500450045004,0.25025195228793806,3.995972822019815,9,5555.0,8,Vaccine Rollout Progress,vaccine,2022-09,False
0.41950638128817597,0.2969657843770174,0.2969657843770174,0.14243686653460594,7.020654303407072,13,7745.0,8,Vaccine Rollout Progress,vaccine,2022-10,True
0.6373287671232877,0.6494006849315068,0.6494006849315068,0.47531364350722455,2.1038739654541403,6,11680.0,8,Vaccine Rollout Progress,vaccine,2022-11,False
0.40943383604510286,0.26089477244178183,0.26089477244178183,0.1293005801088256,7.733917351015376,13,10349.0,8,Vaccine Rollout Progress,vaccine,2022-12,True
0.5908751616571046,0.4435263381736436,0.4435263381736436,0.236366278210118,4.230721943808961,14,16459.0,8,Vaccine Rollout Progress,vaccine,2023-01,True
0.6664053037547013,0.6384267227640722,0.6384267227640722,0.4300840546346572,2.3251268890902463,10,15687.0,8,Vaccine Rollout Progress,vaccine,2023-02,True
0.46172692358628,0.4171632896305125,0.4171632896305125,0.30442510199613626,3.2848802330784532,6,5034.0,8,Vaccine Rollout Progress,vaccine,2023-03,False
0.1818576388888889,0.166015625,0.166015625,0.12271336146763392,8.14907185362821,9,3584.0,8,Vaccine Rollout Progress,vaccine,2023-04,False
0.30663780663780665,0.3502886002886003,0.3502886002886003,0.26790060989195186,3.7327275977584162,5,2772.0,8,Vaccine Rollout Progress,vaccine,2023-05,False
0.30447694290356925,0.2521432173474534,0.2521432173474534,0.1480351520450303,6.75515231474085,9,3966.0,8,Vaccine Rollout Progress,vaccine,2023-06,False
0.4493564108972757,0.39990002499375155,0.39990002499375155,0.2426061192774788,4.121907571738774,8,4001.0,8,Vaccine Rollout Progress,vaccine,2023-07,False
0.2956204379562044,0.4171011470281543,0.4171011470281543,0.26889962389132754,3.7188597943303097,5,3836.0,8,Vaccine Rollout Progress,vaccine,2023-08,False
0.6130807248764415,0.5024711696869851,0.5024711696869851,0.3038513335631254,3.2910831368533358,10,12140.0,8,Vaccine Rollout Progress,vaccine,2023-09,True
0.49236264890814163,0.3677243118302164,0.3677243118302164,0.18889355349797626,5.293986912108748,13,9518.0,8,Vaccine Rollout Progress,vaccine,2023-10,True
0.42857142857142855,0.4052489386337321,0.4052489386337321,0.24532102857008367,4.076291404078793,7,5182.0,8,Vaccine Rollout Progress,vaccine,2023-11,False
0.23807446189645143,0.19596110695587135,0.19596110695587135,0.10358282362495905,9.65411025693494,12,4011.0,8,Vaccine Rollout Progress,vaccine,2023-12,True
