gini,top1_share,top5_share,hhi,effective_authors,n_authors,total_likes,topic_id,topic_label,high_level_category
0.706472310896096,0.2943876571508357,0.5341082520308649,0.02527534648125288,39.564244974513635,455,515667.0,0,Vaccine Mandates & Work,vaccine
0.7090523774448069,0.2993658678362882,0.5418791449784659,0.031084504153140582,32.17037000408341,319,378470.0,1,Federal Vaccine Mandates,vaccine
0.9649295136265907,0.7872043698064966,0.9199837294438956,0.5403463966587895,1.8506646961716786,125,17209.0,2,Remote Work Opportunities,remote_work
0.7794112270878614,0.23455759945864937,0.5010606985249856,0.025370944780314993,39.4151659963364,330,240879.0,3,Remote Work During Pandemic,remote_work
0.7084349230475201,0.27466534091048933,0.5047291593343982,0.03173522856754118,31.510723102930505,303,406309.0,4,COVID-19 Vaccine Progress,vaccine
0.9032889135018752,0.5794462251324063,0.741298489660284,0.21364707801487148,4.6806163196409,510,203729.0,5,Remote Work Post-Pandemic,remote_work
0.9198221685985533,0.4174983186167097,0.8007140455166728,0.05713439464348467,17.50259202429539,488,737488.0,6,Remote Work During COVID,remote_work
0.9078512260063967,0.2869078989652291,0.6761359984574844,0.03746900214559516,26.688727821313478,346,15559.0,7,Remote Work Tips,remote_work
0.6549928323220563,0.18730269302528857,0.4291647162440073,0.013938044740423452,71.74607476325399,437,450757.0,8,Vaccine Rollout Progress,vaccine
