topic_id,topic_label,one_sentence_summary,high_level_category,frame_tags,representative_keywords,mostly_informational,mostly_personal_experience,mostly_policy_or_advocacy,mostly_argument_or_conflict
0,Vaccine Mandates & Work,"Public debate centers on vaccine requirements for employment, with arguments spanning personal choice, workplace safety, economic impact, and systemic inequities affecting vulnerable workers.",vaccine,"['health mandate', 'economic impact', 'personal struggle', 'policy advocacy']","['vaccine', 'work', 'covid', 'vaccinated', 'workers', 'home']",0.2,0.3,0.4,0.1
1,Federal Vaccine Mandates,"The Biden administration is enforcing federal vaccine mandates requiring employers with 100+ employees to vaccinate workers or require weekly testing, with paid time off provided for vaccinations.",vaccine,"['health mandate', 'policy enforcement', 'economic impact', 'workplace safety']","['vaccinated', 'vaccine', 'workers', 'covid', 'employees', 'biden']",0.6,0.1,0.2,0.1
2,Remote Work Opportunities,"Tweets promote and list remote, work-from-home job openings across various industries with links to apply.",remote_work,"['job_search', 'flexible_work', 'online_applications', 'career_advice']","['remote', 'work', 'home', 'job', 'apply', 'customer']",0.95,0.03,0.01,0.01
3,Remote Work During Pandemic,"Global companies and governments are urging employees to work from home to curb the spread of COVID-19, with some extending policies into 2021.",remote_work,"['health mandate', 'policy shift', 'economic impact', 'personal experience']","['work', 'home', 'covid', 'employees', 'office', 'coronavirus']",0.4,0.3,0.2,0.1
4,COVID-19 Vaccine Progress,"Public discourse highlights rapid development and promising trial results of COVID-19 vaccines from Moderna, Pfizer/BioNTech, and Oxford/AstraZeneca, with optimism for widespread availability.",vaccine,"['scientific breakthrough', 'public health relief', 'government collaboration', 'trial progress']","['vaccine', 'moderna', 'covid', 'trials', 'mrna', 'coronavirus']",0.7,0.2,0.05,0.05
5,Remote Work Post-Pandemic,"Public discourse explores the lasting impact of remote work, weighing its productivity and flexibility benefits against challenges like isolation and hybrid workplace transitions.",remote_work,"['productivity gains', 'hybrid model debate', 'mental health concerns', 'economic impact', 'workplace flexibility']","['remote', 'working', 'home', 'pandemic', 'employees', 'office']",0.6,0.2,0.1,0.1
6,Remote Work During COVID,"Users discuss the importance and challenges of working from home during the pandemic, highlighting health risks, workplace inequities, and personal experiences with remote work policies.",remote_work,"['workplace_policy', 'health_safety', 'economic_inequality', 'personal_experience']","['home', 'covid', 'work', 'working', 'people', 'day']",0.3,0.4,0.2,0.1
7,Remote Work Tips,"Users share practical advice and resources to help employees succeed while working remotely, especially during the pandemic.",remote_work,"['productivity', 'employee_support', 'work_from_home', 'pandemic_adaptation']","['remote', 'working', 'home', 'tips', 'employees', 'help']",0.85,0.1,0.03,0.02
8,Vaccine Rollout Progress,"Public discourse tracks the pace, distribution, and public response to COVID-19 vaccine rollout across age groups and regions.",vaccine,"['public health progress', 'distribution logistics', 'personal vaccination experience', 'policy timeline']","['vaccine', 'covid', 'vaccination', 'dose', 'people', 'vaccinated']",0.7,0.2,0.05,0.05
